{
  "patient_id": "testVideo1",
  "session_id": 1764185461,
  "duration": 28.0,
  "overall_congruence": 0.6263,
  "incongruent_moments": [
    {
      "start": 2.4,
      "end": 5.6,
      "reason": "playful tone and smile contrast with negative text content and flat audio expression"
    },
    {
      "start": 6.9,
      "end": 13.4,
      "reason": "Facial and vocal affect diverge strongly."
    },
    {
      "start": 14.8,
      "end": 15.6,
      "reason": "positive facial expression contrasts with negative vocal tone and low text valence, indicating potential emotional dissonance."
    }
  ],
  "emotion_distribution": {
    "face": {
      "happy": 0.3458155354658977,
      "neutral": 0.6075062804832393,
      "sad": 0.03129177495634386,
      "angry": 0.0064110972603004,
      "fear": 0.0012251022822620974,
      "disgust": 2.4863617150740766e-06,
      "surprise": 0.007747723190241523
    },
    "audio": {
      "happy": 0.050000000000000294,
      "neutral": 0.6999999999999982,
      "sad": 0.050000000000000294,
      "angry": 0.050000000000000294,
      "fear": 0.050000000000000294,
      "disgust": 0.050000000000000294,
      "surprise": 0.050000000000000294
    },
    "text": {
      "happy": 0.07224199288256244,
      "neutral": 0.6797153024911028,
      "sad": 0.07224199288256244,
      "angry": 0.0209964412811388,
      "fear": 0.0366548042704627,
      "disgust": 0.01832740213523135,
      "surprise": 0.09982206405693947
    }
  }
}